{"gfp": {"m": 3.53237795148577, "b": 10.764982041858493, "r2": 0.9997953607538728, "efficiency": 91.90903180780322, "factor": 1.919090318078032}, "30": {"m": 4.0366815567016605, "b": 8.087041091918945, "r2": 0.9981031785983676, "efficiency": 76.90016405499722, "factor": 1.7690016405499722}, "11": {"m": 3.517337226867675, "b": 9.166813278198244, "r2": 0.9987028583485122, "efficiency": 92.44471017892826, "factor": 1.9244471017892826}, "16s": {"m": 3.4691841034662163, "b": 6.839963776724678, "r2": 0.9998983409045323, "efficiency": 94.20133649686603, "factor": 1.9420133649686604}}